url,action,replacement,page,note
http://plato,replace,http://plato.stanford.edu/archives/win2002/entries/popper/,,truncated upstream; target is live
http://www.radford,replace,http://www.radford.edu/~jaspelme/443/spring-2007/Articles/Jones_n_Harris_1967.pdf,,truncated upstream; 403 is a bot block
http://www2,archive,https://web.archive.org/web/20241108202112/https://www2.psych.ubc.ca/~schaller/Psyc590Readings/Hastorf1954.pdf,,truncated upstream and the target is a real 404; snapshot instead. NB the replacement must archive the *reconstructed* URL - a blank replacement would archive the truncated one
https://wiki.lesswrong.com/wiki/AIXI,replace,https://www.lesswrong.com/w/aixi,,retired wiki
https://wiki.lesswrong.com/wiki/Amount%20of%20evidence,replace,https://www.lesswrong.com/w/amount-of-evidence,,retired wiki
https://wiki.lesswrong.com/wiki/Locate%20the%20hypothesis,replace,https://www.lesswrong.com/w/locate-the-hypothesis,,retired wiki
https://wiki.lesswrong.com/wiki/Occam%27s_razor,replace,https://www.lesswrong.com/w/occam-s-razor,,retired wiki
https://wiki.lesswrong.com/wiki/Privileging%20the%20hypothesis,replace,https://www.lesswrong.com/w/privileging-the-hypothesis,,retired wiki
https://wiki.lesswrong.com/wiki/anti-epistemology,replace,https://www.lesswrong.com/w/anti-epistemology,,retired wiki
https://wiki.lesswrong.com/wiki/burdensome%20details,replace,https://www.lesswrong.com/w/burdensome-details,,retired wiki
https://wiki.lesswrong.com/wiki/free%20will,replace,https://www.lesswrong.com/w/free-will,,retired wiki
https://wiki.lesswrong.com/wiki/rational%20evidence,replace,https://www.lesswrong.com/w/rational-evidence,,retired wiki
http://chem.tufts.edu/AnswersInScience/RelativityofWrong.htm,replace,https://web.archive.org/web/20200701162506/https://chem.tufts.edu/answersinscience/relativityofwrong.htm,,
http://csml.som.ohio-state.edu/Music829C/hindsight.bias.html,replace,https://web.archive.org/web/20170430193726/http://csml.som.ohio-state.edu/Music829C/hindsight.bias.html,,
http://fastandfrugal.com/,replace,https://web.archive.org/web/20190203094629/http://fastandfrugal.com/,,
http://intelligence.org/files/TowardIdealizedDecisionTheory.pdf,keep,,,
http://journals.cambridge.org/abstract_,remove,,,
http://journals.cambridge.org/abstract_S0140525X00003435,keep,,,
http://kops.ub.uni-konstanz.de/bitstream/handle/urn:nbn:de:bsz:352-opus-5241/ledwig.pdf?sequence=1,replace,http://kops.ub.uni-konstanz.de/bitstream/handle/urn:nbn:de:bsz:352-opus-5241/ledwig.pdf?sequence=1,,
http://media.sethroberts.net/about/whatmakesfoodfattening.pdf,replace,https://web.archive.org/web/20170607211346/http://media.sethroberts.net/about/whatmakesfoodfattening.pdf,,
http://medicine.plosjournals.org/perlserv/?request=get-document&doi=10.1371/journal.pmed.0020124&ct=1,replace,https://web.archive.org/web/20080228053620/http://medicine.plosjournals.org/perlserv/?request=get-document&doi=10.1371%2Fjournal.pmed.0020124&ct=1,,
http://migs.concordia.ca/memoirs/kron/chpt_8.html,replace,https://web.archive.org/web/20200220215708/http://migs.concordia.ca/memoirs/kron/chpt_8.html,,
http://mind.sourceforge.net/diagrams.html,keep,,,
http://news.xinhuanet.com/english/2005-11/01/content_3714003.htm,replace,https://web.archive.org/web/20170422003638/http://news.xinhuanet.com/english/2005-11/01/content_3714003.htm,,
http://onlinelibrary.wiley.com/doi/10.1111/j.1540-5907.2006.00214.x/abstract,keep,,,
http://ozyandmillie.org/2003/03/24/ozy-and-millie-1134/,replace,https://web.archive.org/web/20180326090740/https://ozyandmillie.org/2003/03/24/ozy-and-millie-1134/,,
http://ozyandmillie.org/2006/11/16/ozy-and-millie-1770/,replace,https://web.archive.org/web/20180326072539/https://ozyandmillie.org/2006/11/16/ozy-and-millie-1770/,,
http://people.virginia.edu/~tdw/nisbett&wilson.pdf,replace,https://web.archive.org/web/20210217023915/http://www.people.virginia.edu/~tdw/nisbett&wilson.pdf,,
http://postbiota.org/pipermail/tt/2007-December/001947.html,replace,https://web.archive.org/web/20160428172008/http://postbiota.org/pipermail/tt/2007-December/001947.html,,
http://postbiota.org/pipermail/tt/2008-May/002997.html,replace,https://web.archive.org/web/20161020055625/http://postbiota.org/pipermail/tt/2008-May/002997.html,,
http://psycnet.apa.org/?&fa=main.doiLanding&doi=10.1037/0022-3514.65.2.221,unlink,,,link text is prose; keep the words
http://space.mit.edu/home/tegmark/crazy.html,replace,https://web.archive.org/web/20200110021130/https://space.mit.edu/home/tegmark/crazy.html,,
http://ssc.wisc.edu/~jpiliavi/965/hwang.pdf,replace,https://users.ssc.wisc.edu/~japiliav/965/hwang.pdf,,
http://tvtropes.org/pmwiki/pmwiki.php/Main/CreepyCoolCrosses,keep,,,
http://tvtropes.org/pmwiki/pmwiki.php/Main/JesusTaboo,keep,,,
http://tvtropes.org/pmwiki/pmwiki.php/Main/KilledOffForReal,keep,,,
http://tvtropes.org/pmwiki/pmwiki.php/Main/TookALevelInBadass,keep,,,
http://users.ecs.soton.ac.uk/harnad/Papers/Harnad/harnad90.sgproblem.html,keep,,,
http://web.archive.org/web/,replace,http://web.archive.org/web/20060424082937/http://www.nvon.nl/scheik/best/diversen/scijokes/scijokes.txt,,one URL the wiki split across two links
http://web.archive.org/web/20060424082937/http:,remove,,,
http://web.stanford.edu/group/SITE/archive/SITE_2006/Web%20Session%207/Ozdenoren_Paper.pdf,replace,https://web.archive.org/web/20161213033059/http://web.stanford.edu/group/SITE/archive/SITE_2006/Web%20Session%207/Ozdenoren_Paper.pdf,,
http://wjh-www.harvard.edu/~dtg/Gilbert%20&%20Malone%20%28CORRESPONDENCE%20BIAS%29.pdf,replace,https://web.archive.org/web/20220331220006/https://wjh-www.harvard.edu/~dtg/Gilbert%20&%20Malone%20(CORRESPONDENCE%20BIAS).pdf,,
http://wjh-www.harvard.edu/~dtg/Gilbert%20et%20al%20UNBELIEVING.pdf,unlink,,,link text is prose; keep the words
http://www-abc.mpib-berlin.mpg.de/users/r20/finucane00_the_affect_heuristic.pdf,replace,https://web.archive.org/web/20160320134912/http://www-abc.mpib-berlin.mpg.de/users/r20/finucane00_the_affect_heuristic.pdf,,
http://www.3ammagazine.com/litarchives/2003/jan/interview_catherine_camus.html,keep,,,
http://www.aft.org/sites/default/files/periodicals/Crit_Thinking.pdf,replace,https://web.archive.org/web/20161119190457/http://www.aft.org/sites/default/files/periodicals/Crit_Thinking.pdf,,
http://www.av8n.com/physics/phase-space-thin-lens.htm,replace,https://web.archive.org/web/20161020123649/http://www.av8n.com/physics/phase-space-thin-lens.htm,,
http://www.bartleby.com/73/1211.html,keep,,,
http://www.cep.ucsb.edu/papers/pfc92.pdf,replace,https://web.archive.org/web/20161227201657/http://www.cep.ucsb.edu/papers/pfc92.pdf,,
http://www.danielgilbert.com/Gilbert%20et%20al%20EVERYTHING%20YOU%20READ.pdf,unlink,,,link text is prose; keep the words
http://www.economist.com/blogs/freeexchange/2007/04/the_future_of_fantasy,keep,,,
http://www.expatsingapore.com/forum/index.php?topic=16763.msg126809,replace,https://web.archive.org/web/20161019130402/http://www.expatsingapore.com/forum/index.php?topic=16763.msg126809,,
http://www.godlessgeeks.com/LINKS/Dragon.htm,replace,https://web.archive.org/web/20230706051641/http://www.godlessgeeks.com/LINKS/Dragon.htm,,
http://www.hpmor.com/,keep,,,
http://www.imagination-engines.com/ie.htm,replace,https://web.archive.org/web/20200701174028/http://imagination-engines.com/ie.htm,,
http://www.indiana.edu/~kruschke/articles/Kruschke2010TiCS.pdf,replace,https://web.archive.org/web/20160309221752/http://www.indiana.edu/~kruschke/articles/Kruschke2010TiCS.pdf,,
http://www.jetpress.org/volume9/risks.html,keep,,,
http://www.jstor.org/stable/2183914,keep,,,
http://www.jstor.org/stable/27828530,keep,,,
http://www.jstor.org/stable/3151931,keep,,,
http://www.math.utah.edu/~pa/math/polya.html,replace,https://web.archive.org/web/20200208060114/http://www.math.utah.edu/~pa/math/polya.html,,
http://www.mathpages.com/rr/rrtoc.htm,keep,,,
http://www.nizkor.org/features/fallacies/appeal-to-consequences.html,replace,https://web.archive.org/web/20190825131529/http://www.nizkor.org/features/fallacies/appeal-to-consequences.html,,
http://www.nizkor.org/features/fallacies/genetic-fallacy.html,replace,https://web.archive.org/web/20190824043422/http://www.nizkor.org/features/fallacies/genetic-fallacy.html,,
http://www.overcomingbias.com/2007/07/tell-your-anti-.html,replace,https://web.archive.org/web/20160604041901/http://www.overcomingbias.com/2007/07/tell-your-anti-.html,,
http://www.overcomingbias.com/2007/09/false-findings-.html,replace,https://web.archive.org/web/20161019130949/http://www.overcomingbias.com/2007/09/false-findings-.html,,
http://www.overcomingbias.com/2009/02/against-propaganda-.html,replace,https://web.archive.org/web/20160101022751/http://www.overcomingbias.com/2009/02/against-propaganda-.html,,
http://www.pnas.org/content/73/12/4604.full.pdf,keep,,,
http://www.prem-rawat-talk.org/forum/uploads/CultCharacteristics.htm,replace,https://web.archive.org/web/20180114195109/http://www.prem-rawat-talk.org/forum/uploads/CultCharacteristics.htm,,
http://www.radford.edu/~jaspelme/443/spring-2007/Articles/Jones_n_Harris_1967.pdf,remove,,,
http://www.reuters.com/article/us-crash-idUSTRE52N63B20090325,keep,,,
http://www.robertboynton.com/articleDisplay.php?article_id=1535,replace,https://web.archive.org/web/20161104023405/http://www.robertboynton.com/articleDisplay.php?article_id=1535,,
http://www.samharris.org/blog/item/sam-harris-vs.-andrew-sullivan,replace,https://web.archive.org/web/20160117134439/http://www.samharris.org/blog/item/sam-harris-vs.-andrew-sullivan,,
http://www.scottaaronson.com/blog/?p=326,keep,,,
http://www.scottaaronson.com/blog/?p=87#comment-2092,keep,,,
http://www.siggraph.org/publications/newsletter/issues/v35/v35n1.pdf,replace,https://web.archive.org/web/20161024182004/http://www.siggraph.org/publications/newsletter/issues/v35/v35n1.pdf,,
http://www.spaceandgames.com/?p=27,replace,https://web.archive.org/web/20160320002155/http://www.spaceandgames.com/?p=27,,
http://www.textbookleague.org/103feyn.htm,replace,https://web.archive.org/web/20160304021338/http://www.textbookleague.org/103feyn.htm,,
http://www.theregister.co.uk/2007/12/04/wikipedia_secret_mailing/,keep,,,
http://www.theregister.co.uk/2007/12/06/wikipedia_and_overstock/,keep,,,
http://www.tiem.utk.edu/~gavrila/583/583.html,replace,https://web.archive.org/web/20160723143715/http://www.tiem.utk.edu/%7Egavrila/583/583.html,,
http://www.worldchanging.com/archives/008009.html,replace,https://web.archive.org/web/20160128191525/http://www.worldchanging.com/archives/008009.html,,
http://www.yudkowsky.net,keep,,,
http://www2.psych.ubc.ca/~schaller/Psyc590Readings/,replace,https://web.archive.org/web/20180430192513/http://www2.psych.ubc.ca/~schaller/Psyc590Readings/,,
http://yosemite.epa.gov/ee/epa/eerm.nsf/,remove,,,
http://yosemite.epa.gov/ee/epa/eerm.nsf/vwAN/EE-0280B-04.pdf/$file/EE-0280B-04.pdf,replace,https://web.archive.org/web/20170224022120/https://yosemite.epa.gov/ee/epa/eerm.nsf/vwAN/EE-0280B-04.pdf/$file/EE-0280B-04.pdf,,
http://yudkowsky.net/other/fiction,keep,,,
http://yudkowsky.net/other/fiction/npc,keep,,,
http://yudkowsky.net/other/yehuda/,keep,,,
http://yudkowsky.net/rational/bayes,keep,,,
http://yudkowsky.net/singularity/aibox,keep,,,
http://yudkowsky.net/singularity/aibox/,keep,,,
http://yudkowsky.net/singularity/simplified,keep,,,
https://bioethicsarchive.georgetown.edu/pcbe/background/sandelpaper.html,keep,,,
https://chaitanya1.files.wordpress.com/2008/06/bigbang.gif,keep,,,
https://en.wikiquote.org/wiki/John_McCarthy_computer_scientist,replace,https://en.wikiquote.org/wiki/John_McCarthy_(computer_scientist),,
https://intelligence.org/,keep,,,
https://intelligence.org/2007/09/30/three-major-singularity-schools/,keep,,,
https://intelligence.org/wp-content/uploads/2014/10/Hintze-Problem-Class-Dominance-In-Predictive-Dilemmas.pdf,replace,https://web.archive.org/web/20200220220836/https://intelligence.org/wp-content/uploads/2014/10/Hintze-Problem-Class-Dominance-In-Predictive-Dilemmas.pdf,,
https://journalism.berkeley.edu/projects/biplog/archive/000748.html,replace,https://web.archive.org/web/20160609203444/http://journalism.berkeley.edu/projects/biplog/archive/000748.html,,
https://wrldrels.org/2016/10/08/unarius-academy-of-science/,replace,https://web.archive.org/web/20200220220026/https://wrldrels.org/2016/10/08/unarius-academy-of-science/,,
https://www.cs.auckland.ac.nz/~andwhay/postlist.html,replace,https://web.archive.org/web/20170312202730/https://www.cs.auckland.ac.nz/~andwhay/postlist.html,,
https://www.newscientist.com/article/mg19826551-700-do-we-need-to-change-the-definition-of-science/,keep,,,
https://www.samharris.org/blog/item/the-pleasures-of-drowning,replace,https://web.archive.org/web/20171120070214/https://www.samharris.org/blog/item/the-pleasures-of-drowning,,
https://www.thoughtco.com/ethics-descriptive-normative-and-analytic-4037543,replace,https://web.archive.org/web/20190415032833/https://www.thoughtco.com/ethics-descriptive-normative-and-analytic-4037543,,
